<?xml version="1.0" encoding="iso-8859-1"?>
<!DOCTYPE struts-config SYSTEM "lib/tld/struts-config_1_2.dtd">
<struts-config>
    <!--============================================== Form Bean Definitions  -->
    <form-beans>
        <!-- Locale form bean -->
        <form-bean name="localeForm" type="org.apache.struts.action.DynaActionForm">
            <form-property name="language" type="java.lang.String"/>
            <form-property name="country" type="java.lang.String"/>
            <form-property name="page" type="java.lang.String"/>
        </form-bean>
        
        <form-bean name="loginForm" type="com.dfs.paxtrax.common.actionform.LoginActionForm"/>
        <form-bean name="commonForm" type="com.dfs.paxtrax.common.actionform.PaxTraxActionForm"/>
        <form-bean name="userForm" type="com.dfs.paxtrax.admin.actionform.UserForm"></form-bean>
        <form-bean name="referenceDataForm" type="com.dfs.paxtrax.admin.actionform.ReferenceDataForm"></form-bean>
        <form-bean name="searchUserForm" type="com.dfs.paxtrax.admin.actionform.SearchUserForm"></form-bean>
        <form-bean name="locationForm" type="com.dfs.paxtrax.admin.actionform.LocationForm"/>
		<form-bean name="searchLocationForm" type="com.dfs.paxtrax.admin.actionform.SearchLocationForm"/>
		<form-bean name="flightForm" type="com.dfs.paxtrax.admin.actionform.FlightForm"/>               
        <form-bean name="searchFlightForm" type="com.dfs.paxtrax.admin.actionform.SearchFlightForm"/>               
        <form-bean name="overrideFlightForm" type="com.dfs.paxtrax.admin.actionform.OverrideFlightForm"/>
        <form-bean name="searchOverrideFlightForm" type="com.dfs.paxtrax.admin.actionform.SearchOverrideFlightForm"/>               
        <form-bean name="skuForm" type="com.dfs.paxtrax.admin.actionform.SKUForm"/>
        <form-bean name="bankAccountForm" type="com.dfs.paxtrax.customs.actionform.MaintainBankForm"/>
        <form-bean name="naccsFileGenerationForm" type="com.dfs.paxtrax.customs.actionform.NACCSFileGenerationForm"/>
        <form-bean name="naccsReportForm" type="com.dfs.paxtrax.customs.actionform.NACCSReportForm"/>
		<form-bean name="naccsSummaryReportForm" type="com.dfs.paxtrax.customs.actionform.NACCSSummaryReportForm"/>
		<form-bean name="naccsSubmissionReportForm" type="com.dfs.paxtrax.customs.actionform.NACCSSubmissionReportForm"/>
		<form-bean name="paxForm" type="com.dfs.paxtrax.passenger.actionform.PAXForm"/>
		<form-bean name="paxSearchForm" type="com.dfs.paxtrax.passenger.actionform.PAXSearchForm"/>
        <form-bean name="travelAgentForm" type="com.dfs.paxtrax.passenger.actionform.TravelAgentForm"/>
        <form-bean name="travelAgentSearchForm" type="com.dfs.paxtrax.passenger.actionform.TravelAgentSearchForm"/>	        
        <form-bean name="paxFileUploadForm" type="com.dfs.paxtrax.passenger.actionform.PAXFileUploadForm"/>
        <form-bean name="invalidPaxSearchForm" type="com.dfs.paxtrax.passenger.actionform.PAXInvalidSearchForm"/>        
        <form-bean name="binLocationForm" type="com.dfs.paxtrax.bagtracking.actionform.BinLocationForm"/>     
        <form-bean name="searchBinLocationForm" type="com.dfs.paxtrax.bagtracking.actionform.SearchBinLocationForm"/>
        <form-bean name="truckForm" type="com.dfs.paxtrax.bagtracking.actionform.TruckForm"/>
        <form-bean name="searchTruckForm" type="com.dfs.paxtrax.bagtracking.actionform.SearchTruckForm"/>
        <form-bean name="cageForm" type="com.dfs.paxtrax.bagtracking.actionform.CageForm"/>        
        <form-bean name="searchCageForm" type="com.dfs.paxtrax.bagtracking.actionform.SearchCageForm"/>		
        <form-bean name="deliveryManifestForm" type="com.dfs.paxtrax.bagtracking.actionform.DeliveryManifestForm"/>
        <form-bean name="bagTrackingReportsForm" type="com.dfs.paxtrax.bagtracking.actionform.BagTrackingReportsForm" />
        <form-bean name="itemTrackingInquiryForm" type="com.dfs.paxtrax.bagtracking.actionform.ItemTrackingInquiryForm"/>
      	<form-bean name="stampDutyForm" type="com.dfs.paxtrax.customs.actionform.StampDutyForm"/>  
      	<form-bean name="truckTrackingEnquiryForm" type="com.dfs.paxtrax.bagtracking.actionform.TruckTrackingEnquiryForm"/>  	
      	<form-bean name="stockAtPickupLocation" type="com.dfs.paxtrax.bagtracking.actionform.StockAtPickupLocationForm"/>
      	<form-bean name="bagStatusByFlight" type="com.dfs.paxtrax.bagtracking.actionform.BagStatusByFlightInquiryForm"/>
      	<form-bean name="paxPurchaseInquiryForm" type="com.dfs.paxtrax.bagtracking.actionform.PaxPurchaseInquiryForm"/>  	
	<form-bean name="bagTrackingEnquiryForm" type="com.dfs.paxtrax.bagtracking.actionform.BagTrackingEnquiryForm" />      	
	<form-bean name="generatePicklistForm" type="com.dfs.paxtrax.bagtracking.actionform.GeneratePicklistForm" />
        <form-bean name="cartonTrackingEnquiryForm" type="com.dfs.paxtrax.bagtracking.actionform.CartonTrackingEnquiryForm"/>   	
        <form-bean name="bagNotReadyForPickup" type="com.dfs.paxtrax.bagtracking.actionform.BagNotReadyForPickupForm"/>
        <form-bean name="binLocReportForm" type="com.dfs.paxtrax.bagtracking.actionform.BinLocEnquiryForm"/>
        <form-bean name="cageReportForm" type="com.dfs.paxtrax.bagtracking.actionform.CageEnquiryForm"/>
        <form-bean name="paxRefundForm" type="com.dfs.paxtrax.bagtracking.actionform.PaxRefundForm"/>
        <form-bean name="salesReportForm" type="com.dfs.paxtrax.sales.actionform.SalesReportForm"/>
        <form-bean name="naccsDuplicatePaxReportForm" type="com.dfs.paxtrax.customs.actionform.NACCSDuplicatePaxReportForm"/>
        <form-bean name="bagOverrideForm" type="com.dfs.paxtrax.bagtracking.actionform.BagOverrideForm"/>
        <form-bean name="visitPaxForm" type="com.dfs.paxtrax.commtracking.actionform.VisitPAXForm"/>
        <form-bean name="groupForm" type="com.dfs.paxtrax.commtracking.actionform.GroupForm"/>
       <form-bean name="missingBagEnquiryForm" type="com.dfs.paxtrax.bagtracking.actionform.MissingBagsEnquiryForm"/>
       
       	<!--Added by RJK for CommTrackCreateAgent -->
       	<form-bean name="commForm" type="com.dfs.paxtrax.commtracking.actionform.CommForm"/>
       	<form-bean name="searchTAForm" type="com.dfs.paxtrax.commtracking.actionform.SearchTAForm"/>
       	<form-bean name="branchForm" type="com.dfs.paxtrax.commtracking.actionform.BranchForm"/>
       	<form-bean name="searchBranchForm" type="com.dfs.paxtrax.commtracking.actionform.SearchBranchForm"/>
       	<!--Added by RJK for CommTrackCreateAgent -->       
		<!-- Added for visit and TACommission form -->
		<form-bean name="visitForm" type="com.dfs.paxtrax.commtracking.actionform.VisitForm"/>
		<!-- Added for visit and TACommission form -->
	<!-- Added  RAC PreAssignment Page -->
       <form-bean name="racPreAssignmentForm" type="com.dfs.paxtrax.admin.actionform.RacPreAssignmentForm"/>
       <!-- End  RAC PreAssignment Page -->
       <form-bean name="salesReportExtnForm" type="com.dfs.paxtrax.sales.actionform.SalesReportExtnForm"/>
       
       	<!-- Added on June 06, 2007 for CR 251-260 changes -->
       <form-bean name="bagByBagStatusForm" type="com.dfs.paxtrax.bagtracking.actionform.BagByBagStatusForm"/>
       <form-bean name="bagStatusByLocationForm" type="com.dfs.paxtrax.bagtracking.actionform.BagStatusByLocationForm"/>
       <!-- End  of CR 251-260 -->
       
       <!--Added on 6-Jun-2007 For DailyNACCSGeneration Report starts -->
		<form-bean name="dailyNACCSGenerationForm" type="com.dfs.paxtrax.customs.actionform.DailyNACCSGenerationForm" />
		<!--Added on 6-Jun-2007 For DailyNACCSGeneration Report ends -->
		
		<!-- Added on 30Jul07 for CR 261 TracingRefundedBags starts -->
		<form-bean name="tracingRefundedBagForm" type="com.dfs.paxtrax.bagtracking.actionform.TracingRefundedBagForm" />
		<!-- Added on 30Jul07 for CR 261 TracingRefundedBags ends -->		
       
    </form-beans>
    <!-- ========== Global Forward Definitions ============================== -->
    <global-forwards>
        <forward   name="systemerror"          path="/jsp/error.jsp"/>
        <forward name="redirectToLogin" path="login.do?subaction=loginPage"/>
	<forward   name="reporterror"          path="/jsp/errorReport.jsp"/>        
    </global-forwards>
    <!-- ========================================= Action Mapping Definitions -->
    <action-mappings>
        <action path="/login" type="com.dfs.paxtrax.common.action.LoginAction" name="loginForm" parameter="subaction">
            <forward name="login" path="/jsp/login.jsp"/>
            <forward name="loginJP" path="/jsp/login.jsp?language=jp"/>
            <forward name="paxtraxHome" path="/jsp/home.jsp"/>
        </action>
        <action path="/home" type="com.dfs.paxtrax.common.action.HomeAction" name="commonForm" parameter="subaction">
            <forward name="paxtraxHome" path="/jsp/home.jsp"/>
            <forward name="passengerHome" path="/jsp/passengerHome.jsp"/>
            <forward name="customsHome" path="/jsp/customsHome.jsp"/>
            <forward name="bagtrackingHome" path="/jsp/bagtrackingHome.jsp"/>
            <forward name="adminHome" path="/jsp/adminHome.jsp"/>
            <forward name="salesHome" path="/jsp/salesHome.jsp"/>
            <forward name="commtraxHome" path="/jsp/commtraxHome.jsp"/>
        </action>
        <action path="/changeLanguage" type="com.dfs.paxtrax.common.action.ChangeLanguageAction" name="localeForm" parameter="subaction">
        </action>
        <action path="/userAction" validate="false" type="com.dfs.paxtrax.admin.action.UserAction" name="userForm" scope="session" parameter="subaction">
            <forward name="CreateUserPage" path="/jsp/createUser.jsp"/>
            <forward name="ViewUserPage" path="/jsp/viewUser.jsp"/>
            <forward name="AdminHomePage" path="/jsp/adminHome.jsp"/>
            <forward name="SearchUserPage" path="/jsp/searchUser.jsp"/>
            <forward name="BackToSearchUserPage" path="/searchUserAction.do?subaction=searchUserDetails" />
            <forward name="LoadReasonPage" path="/jsp/activateDeactivateUser.jsp"/>
            <forward name="ChangePasswordPage" path="/jsp/changePassword.jsp"/>
        </action>
        <action path="/referenceDataAction" validate="false" type="com.dfs.paxtrax.admin.action.ReferenceDataAction" name="referenceDataForm" scope="session" parameter="subaction">
        	<forward name="MaintainReferenceDataPage" path="/jsp/maintainReferenceData.jsp"/>
        	<forward name="ViewReferenceDataPage" path="/jsp/viewReferenceData.jsp"/>
        </action>
        <action path="/searchUserAction" validate="false" type="com.dfs.paxtrax.admin.action.SearchUserAction" name="searchUserForm" scope="session" parameter="subaction">
        	<forward name="SearchUserPage" path="/jsp/searchUser.jsp"/>
        </action>
        <action path="/locationAction"  validate="false" type="com.dfs.paxtrax.admin.action.LocationAction"  name="locationForm" parameter="subaction" scope="session">
      		<forward name="CreateLocationPage" path="/jsp/createLocation.jsp" />
      		<forward name="ViewLocationPage" path="/jsp/viewLocation.jsp" />
      		<forward name="AdminHomePage" path="/jsp/adminHome.jsp"/>
      		<forward name="createLogicalLocation" path="/jsp/createLogicalLocation.jsp"/>
      		<forward name="viewLogicalLocation" path="/jsp/viewLogicalLocation.jsp"/>
      		<forward name="maintainLogicalLocation" path="/jsp/maintainLogicalLocation.jsp"/>
      		<forward name="maintainLogicalLocationConfirmation" path="/jsp/maintainLogicalLocationConfirmation.jsp"/>
    	</action>
    
    	<action path="/searchLocation"  validate="false" type="com.dfs.paxtrax.admin.action.SearchLocationAction"  name="searchLocationForm" parameter="subaction" scope="session">
      		<forward name="SearchLocationPage" path="/jsp/searchLocation.jsp" />
      		<forward name="searchLogicalLocation" path="/jsp/searchLogicalLocation.jsp"/>
	   	</action>  
   		
   		<action path="/flightAction" scope="session" validate="false" type="com.dfs.paxtrax.admin.action.FlightAction" name="flightForm" parameter="subaction">
            <forward name="createFlight" path="/jsp/createFlight.jsp"/>
            <forward name="searchFlightPage" path="searchFlightAction.do?subaction=searchFlightPage"/>
            <forward name="saveFlight" path="/jsp/viewFlight.jsp"/>
            <forward name="cancelFlightSearch" path="searchFlightAction.do?subaction=searchFlightDetails"/>
            <forward name="cancelFlightHome" path="home.do?subaction=adminHomePage"/>
        </action>
        
        <action path="/searchFlightAction" scope="session" validate="false" type="com.dfs.paxtrax.admin.action.SearchFlightAction" name="searchFlightForm" parameter="subaction">
            <forward name="searchFlightPage" path="/jsp/searchFlight.jsp"/>
        </action>
        
        <action path="/overrideFlightAction" scope="session" validate="false" type="com.dfs.paxtrax.admin.action.OverrideFlightAction" name="overrideFlightForm" parameter="subaction">
            <forward name="saveOverrideFlight" path="/jsp/viewOverrideFlightSchedule.jsp"/>            
            <forward name="loadOverrideFlight" path="/jsp/overrideFlightSchedule.jsp"/>            
            <forward name="cancelOverrideFlight" path="searchOverrideFlightAction.do?subaction=searchOverrideFlightDetails"/>
            <forward name="removeOverrideFlight" path="searchOverrideFlightAction.do?subaction=searchOverrideFlightPage"/>    
            <forward name="massFlightChange" path="/jsp/massFlightChange.jsp"/>  
            <forward name="viewMassFlightChange" path="/jsp/viewMassFlightChange.jsp"/>   
        </action>       
        
        <action path="/searchOverrideFlightAction" scope="session" validate="false" type="com.dfs.paxtrax.admin.action.SearchOverrideFlightAction" name="searchOverrideFlightForm" parameter="subaction">
            <forward name="SearchOverrideFlightPage" path="/jsp/searchOverrideFlightSchedule.jsp"/>            
        </action>       
   	
	   	<action path="/skuAction" type="com.dfs.paxtrax.admin.action.SKUAction" name="skuForm" scope="session" parameter="subaction">
             <forward name="maintainSkuPage" path="/jsp/maintainSku.jsp"/>
             <forward name="viewSkuPage" path="/jsp/viewSku.jsp"/>
             <forward name="skuLookup" path="/jsp/skuLookup.jsp"/>
        </action>

		<action path="/bankAction" type="com.dfs.paxtrax.customs.action.BankAction" name="bankAccountForm" parameter="subaction" >
	    	<forward name="bankAccountPage" path="/jsp/createBankAccount.jsp"/>
	     	<forward name="bankAccountConfPage" path="/jsp/createBankAccountCnf.jsp"/>
		</action>        
	
	   	<action path="/naccsFileGenerationAction" type="com.dfs.paxtrax.customs.action.NACCSFileGenerationAction" name="naccsFileGenerationForm" parameter="subaction" >
   			<forward name="naccsFileGenerationPage" path="/jsp/naccsFileGeneration.jsp"/>
   		</action>		  
   
		<action path="/customSubmissionAction" type="com.dfs.paxtrax.customs.action.NACCSSubmissionReportAction" name="naccsSubmissionReportForm" parameter="subaction">
			 <forward name="naccsSubmissionPage" path="/jsp/naccsSubmissionReport.jsp"/>            
		</action>

		<action path="/inquiriesReportsAction" type="com.dfs.paxtrax.customs.action.NACCSReportAction" name="naccsReportForm" parameter="subaction">
    		<forward name="enquiryReportPage" path="/jsp/inquiryReportPage.jsp"/>            
		</action>

        <action path="/customSummaryAction" type="com.dfs.paxtrax.customs.action.NACCSSummaryReportAction" name="naccsSummaryReportForm" parameter="subaction">
			 <forward name="naccsSummaryPage" path="/jsp/naccsSummaryReport.jsp"/>                       
		</action>
		
	    <action path="/paxAction" type="com.dfs.paxtrax.passenger.action.PAXAction" name="paxForm" parameter="subaction">
			<forward name="createPaxPage" path="/jsp/createPax.jsp"/>
			<forward name="savePaxPage" path="/jsp/createPaxConfirmation.jsp"/>
			<forward name="travelAgentLookupPage" path="/jsp/travelAgentLookup.jsp"/>
	    	<forward name="gotoPAXMaintainPage" path="/jsp/maintainPAX.jsp" />    
			<forward name="maintainConfirmPage" path="/jsp/maintainPAXConfirmation.jsp" />
			<forward name="fromMaintainPAXPageToSearchPage" path="paxSearch.do?subaction=searchPAXPage" />
			<forward name="displayMaintainPage" path="/jsp/maintainPAX.jsp" />
	    	<forward name="commtraxPAXSearchPage" path="/commtraxPaxSearch.do?subaction=searchPAXDetails" />    		
			
			<!-- New forwards for entering PAX  No -->
			<forward name="updatePaxNo" path="/jsp/updatePax.jsp"/>
			<forward name="updatePax" path="/commtraxPaxSearch.do?subaction=updateCondVist"/>
			<!-- New forwards for entering PAX  No ends here-->
	    </action>
	
	    <action path="/paxSearch" type="com.dfs.paxtrax.passenger.action.PAXSearchAction" name="paxSearchForm" parameter="subaction">
	    	<forward name="gotoPAXSearchPage" path="/jsp/searchPAX.jsp" />
	    	<forward name="gotoPAXMaintainPage" path="paxAction.do?subaction=loadPAX" />    
	    </action>
	    
	    <action path="/paxUploadAction" type="com.dfs.paxtrax.passenger.action.PAXFileUploadAction" name="paxFileUploadForm" parameter="subaction">
	    	<forward name="goToUploadPAXFilePage" path="/jsp/uploadPAXFile.jsp" />
	    	<forward name="goToUploadPAXFileConfirmation" path="/jsp/uploadPAXFileConfirmation.jsp"/>
	    </action>
	    
		<action path="/invalidPAXSearchAction" type="com.dfs.paxtrax.passenger.action.InvalidPAXSearchAction" name="invalidPaxSearchForm" parameter="subaction">
			<forward name="invalidPAXSearchPage" path="/jsp/invalidPAXRecordSearch.jsp"/>            
		</action>	    
	    
        <action path="/travelAgent" type="com.dfs.paxtrax.passenger.action.TravelAgentAction" name="travelAgentForm" parameter="subaction">
        	<forward name="createTravelAgent" path="/jsp/createTravelAgent.jsp"/>
        	<forward name="createTravelAgentConf" path="/jsp/createTravelAgentCnf.jsp"/>
            <forward name="maintainTravelAgent" path="/jsp/maintainTravelAgent.jsp"/>											               
            <forward name="maintainTravelAgentConf" path="/jsp/maintainTravelAgentCnf.jsp"/>
        </action>
        
        <action path="/searchTravelAgent" type="com.dfs.paxtrax.passenger.action.TravelAgentSearchAction" name="travelAgentSearchForm" parameter="subaction">
            <forward name="searchTravelAgent" path="/jsp/searchTravelAgent.jsp"/>            
        </action>

        <action path="/baseAction" type="com.dfs.paxtrax.common.action.PaxTraxAction" name="commonForm" parameter="subaction"/>

		<action path="/binLocationAction" type="com.dfs.paxtrax.bagtracking.action.BinLocationAction" name="binLocationForm" parameter="subaction" scope="session">
		<forward name="createBinLocation" path="/jsp/createBinLocation.jsp"/>
		<forward name="binLocationConfirmation" path="jsp/binLocationConfirmation.jsp"/>
		<forward name="maintainBinLocation" path="jsp/maintainBinLocation.jsp"/>
		<forward name="maintainBinLocationConfirmation" path="jsp/maintainBinLocationConfirmation.jsp"/>
		</action>   		       

		<action path="/searchBinLocationAction" type="com.dfs.paxtrax.bagtracking.action.SearchBinLocationAction" name="searchBinLocationForm" parameter="subaction">
		<forward name="searchBinLocation" path="/jsp/searchBinLocation.jsp"/>
		</action>

		<action path="/truckAction" type="com.dfs.paxtrax.bagtracking.action.TruckAction" name="truckForm" parameter="subaction">
		<forward name="createTruck" path="/jsp/createTruck.jsp"/>
		<forward name="maintainTruck" path="/jsp/maintainTruck.jsp"/>
		<forward name="truckConfirmation" path="/jsp/truckConfirmation.jsp"/>
		<forward name = "maintainTruckConfirmation" path="/jsp/maintainTruckConfirmation.jsp"/>
		</action>
		
		<action path="/searchTruckAction" type="com.dfs.paxtrax.bagtracking.action.SearchTruckAction" name="searchTruckForm" parameter="subaction">
		<forward name="searchTruck" path="/jsp/searchTruck.jsp"/>
		</action>
   		      
        <action path="/cageAction" type="com.dfs.paxtrax.bagtracking.action.CageAction" name="cageForm" parameter="subaction">
            <forward name="createCage" path="/jsp/createCage.jsp"/>            
            <forward name="maintainCage" path="/jsp/maintainCage.jsp"/>
            <forward name="viewCreateCage" path="/jsp/viewCreateCage.jsp"/>
            <forward name="viewMaintainCage" path="/jsp/viewMaintainCage.jsp"/>
            <forward name="bagtrackingHome" path="/jsp/bagtrackingHome.jsp"/>      
        </action>
       
	   	
	   	<action path="/searchCageAction" type="com.dfs.paxtrax.bagtracking.action.SearchCageAction" name="searchCageForm" parameter="subaction">
             <forward name="searchCagePage" path="/jsp/searchCage.jsp"/>      
        </action>

		<action path="/deliveryManifest" type="com.dfs.paxtrax.bagtracking.action.DeliveryManifestAction" name="deliveryManifestForm" parameter="subaction">
		<forward name="deliveryManifest" path="/jsp/deliveryManifest.jsp"/>
		<forward name="printDeliveryManifest" path="/jsp/printDeliveryManifest.jsp"/>
		</action>

		<action path="/btReportsAction" type="com.dfs.paxtrax.bagtracking.action.BagTrackingReportsAction" name="bagTrackingReportsForm" parameter="subaction">
		    <forward name="bagTrackingReportsMainPage" path="/jsp/btReports.jsp"/>
		    <forward name="skuTransferDisplayPage" path="/jsp/skuTransfer.jsp"/>
		    <forward name="summarySkuTransferDisplayPage" path="/jsp/summarySkuTransfer.jsp"/>
		</action>
		
		<action path="/generatePicklistAction" type="com.dfs.paxtrax.bagtracking.action.GeneratePicklistAction" name="generatePicklistForm" parameter="subaction">
		    <forward name="generatePicklistPage" path="/jsp/generatePicklist.jsp"/>
		    <forward name="printPicklistPage" path="/jsp/printPicklist.jsp" />
		</action>
		
		<action path="/itemTrackingInquiryAction" type="com.dfs.paxtrax.bagtracking.action.ItemTrackingInquiryAction" name="itemTrackingInquiryForm" parameter="subaction">
		<forward name="itemEnquiryReportPage" path="/jsp/itemEnquiry.jsp"/>
		<forward name="itemEnquiryPrintPage" path="/jsp/itemEnquiryPrint.jsp"/>
		</action>
		
		
		<action path="/stampDutyAction" type="com.dfs.paxtrax.customs.action.StampDutyAction" name="stampDutyForm" parameter="subaction">
		<forward name="stampDutyReportPage" path="/jsp/stampDutyReport.jsp"/>
		<forward name="stampDutyPrintPage" path="/jsp/stampDutyPrint.jsp"/>
		</action>
		
		<action path="/truckTrackingEnquiry" type="com.dfs.paxtrax.bagtracking.action.TruckTrackingEnquiryAction" name="truckTrackingEnquiryForm" parameter="subaction">
		<forward name="truckTrackingEnquiryPage" path="/jsp/truckTrackingEnquiry.jsp"/>
		<forward name="truckTrackingPrintPage" path="/jsp/printTruckTrackingEnquiry.jsp"/>
		</action>
		
		<action path="/stockAtPickupLocation" type="com.dfs.paxtrax.bagtracking.action.StockAtPickupLocationInquiryAction" name="stockAtPickupLocation" parameter="subaction">
		<forward name="stockAtPickupLocation" path="/jsp/stockAtPickupLocation.jsp"/>
		<forward name="printStockAtPickupLocation" path="/jsp/printStockAtPickupLocation.jsp"/>
		</action>		
		
		<action path="/paxPurchaseEnquiry" type="com.dfs.paxtrax.bagtracking.action.PaxPurchaseInquiryAction" name="paxPurchaseInquiryForm" parameter="subaction">
		<forward name="paxPurchaseInquiryPage" path="/jsp/paxPurchaseInquiry.jsp"/>
		<forward name="paxPurchasePrintPage" path="/jsp/printPaxPurchaseInquiry.jsp"/>
		<forward name="paxDFPurchaseApprove" path="/jsp/paxDFPurchaseReport.jsp"/>
		<forward name="parallelingReport" path="/jsp/parallelingReport.jsp"/>
		<forward name="paxDPPurchaseApprove" path="/jsp/paxDPPurchaseReport.jsp"/>
		</action>
		
		<action path="/btPaxSearch" type="com.dfs.paxtrax.bagtracking.action.BTPAXSearchAction" name="paxSearchForm" parameter="subaction">
    	<forward name="gotoBTPAXSearchPage" path="/jsp/btSearchPAX.jsp" />    		
    	<forward name="printPAXSearchPage" path="/jsp/btPrintSearchPAX.jsp" /> 
		</action>
		
		<action path="/bagTrackingEnquiryAction" type="com.dfs.paxtrax.bagtracking.action.BagTrackingEnquiryAction" name="bagTrackingEnquiryForm" parameter="subaction" >
			<forward name="goToBagTrackingEnquiryPage" path="/jsp/bagTrackingEnquiry.jsp" />
			<forward name="printBagTrackingEnquiryPage" path="/jsp/printBagTrackingEnquiry.jsp" />
		</action>

		<action path="/bagStatusByFlight" type="com.dfs.paxtrax.bagtracking.action.BagStatusByFlightInquiryAction" name="bagStatusByFlight" parameter="subaction">
		<forward name="bagStatusByFlight" path="/jsp/bagStatusByFlight.jsp"/>
		<forward name="printBagStatusByFlight" path="/jsp/printBagStatusByFlight.jsp"/>
		
		</action>		

		<action path="/cartonTrackingAction" type="com.dfs.paxtrax.bagtracking.action.CartonTrackingAction" name="cartonTrackingEnquiryForm" parameter="subaction">
		<forward name="displayCartonReportPage" path="/jsp/cartonTrackingReport.jsp"/>
		<forward name="printCartonReportPage" path="/jsp/printCartonTrackingReport.jsp"/>
		</action>
		
		<action path="/bagNotReadyForPickup" type="com.dfs.paxtrax.bagtracking.action.BagNotReadyForPickupAction" name="bagNotReadyForPickup" parameter="subaction">
		<forward name="bagNotReadyForPickup" path="/jsp/bagPickUpNotReadyReport.jsp"/>		
		<forward name="bagCancellation" path="/jsp/bagCancellation.jsp"/>
		<forward name="printBagNotReadyForPickup" path="/jsp/printBagPickUpNotReadyReport.jsp"/>		
		
		</action>
		
		<action path="/binLocReport" type="com.dfs.paxtrax.bagtracking.action.BinLocEnquiryAction" parameter="subaction" name="binLocReportForm">
			<forward name="binLocReport" path="/jsp/binLocReport.jsp"/>
			<forward name="printBinLocReport" path="/jsp/printBinLocReport.jsp"/>
		</action>
				
		<action path="/missingBagsEnquiry" type="com.dfs.paxtrax.bagtracking.action.MissingBagsEnquiryAction" parameter="subaction" name="missingBagEnquiryForm">
			<forward name="bagsMissingByFlight" path="/jsp/bagsMissingByFlight.jsp"/>
		</action>
		<action path="/cageReport" type="com.dfs.paxtrax.bagtracking.action.CageEnquiryAction" parameter="subaction" name="cageReportForm">
			<forward name="cageReport" path="/jsp/cageTrackingReport.jsp"/>
			<forward name="printCageReport" path="/jsp/printCageTrackingReport.jsp"/>
		</action>
		<action path="/paxRefund" type="com.dfs.paxtrax.bagtracking.action.PaxRefundAction" parameter="subaction" name="paxRefundForm">
			<forward name="paxRefundPage" path="/jsp/paxRefund.jsp"/>
			<forward name="printPaxRefundPage" path="/jsp/printPaxRefund.jsp"/>
			<forward name="flightChangeReportPage" path="/jsp/flightChangeReport.jsp"/>
			<forward name="printFlightChangeReportPage" path="/jsp/printFlightChangeReport.jsp"/>			
		</action>
		<action path="/nabcoSummaryReportAction" type="com.dfs.paxtrax.customs.action.NabcoSummaryReportAction" parameter="subaction" name="stampDutyForm">
			<forward name="displayNabcoSummary" path="/jsp/nabcoSummaryReport.jsp"/>
			<forward name="printNabcoSummary" path="/jsp/printNabcoSummaryReport.jsp"/>
			<forward name="printNabcoNetSummary" path="/jsp/printNabcoNetSalesReport.jsp"/>
			<forward name="dfdpMonthlySummaryReportPage" path="/jsp/dfdpMonthlySalesReport.jsp"/>
			<forward name="printdfdpMonthlySummaryReportPage" path="/jsp/printdfdpMonthlySalesReport.jsp"/>
		</action>
		<action path="/salesReportAction" type="com.dfs.paxtrax.sales.action.SalesReportAction" parameter="subaction" name="salesReportForm">
			<forward name="salesReportHome" path="/jsp/salesReportHomePage.jsp"/>
			<forward name="salesAssociateReport" path="/jsp/salesAssociateReport.jsp"/>
			<forward name="salesTerminalReport" path="/jsp/salesTerminalReport.jsp"/>
			<forward name="salesDepartmentReport" path="/jsp/salesDepartmentReport.jsp"/>
			<forward name="printSalesAssociateReport" path="/jsp/printSalesAssociateReport.jsp"/>
			<forward name="printSalesTerminalReport" path="/jsp/printSalesTerminalReport.jsp"/>
			<forward name="salesTenderReport" path="/jsp/salesTenderReport.jsp"/>
			<forward name="printSalesTenderReport" path="/jsp/printSalesTenderReport.jsp"/>
			<forward name="printSalesDepartmentReport" path="/jsp/printSalesDepartmentReport.jsp"/>
			<forward name="salesByHourReportPage" path="/jsp/salesByHourReport.jsp"/>
			<forward name="salesLocationReport" path="/jsp/salesLocationReport.jsp"/>
			<forward name="printSalesLocationReport" path="/jsp/printSalesLocationReport.jsp"/>
			
		</action>
		<action path="/naccsDuplicatePaxReportAction" type="com.dfs.paxtrax.customs.action.NACCSDuplicatePaxReportAction" parameter="subaction" name="naccsDuplicatePaxReportForm">
			<forward name="naccsDuplicatePaxReportPage" path="/jsp/duplicatePaxReport.jsp"/>
			<forward name="printNaccsDuplicatePaxReportPage" path="/jsp/printDuplicatePaxReport.jsp"/>
			<forward name="mergePaxReportPage"  path="/jsp/mergeDuplicatePax.jsp"/>
		</action>
		<action path="/bagOverrideAction" type="com.dfs.paxtrax.bagtracking.action.BagOverrideAction" parameter="subaction" name="bagOverrideForm">
			<forward name="bagOverrideWareHousePage" path="/jsp/bagOverrideWareHouse.jsp"/>
			<forward name="bagOverrideAirportPage" path="/jsp/bagOverrideAirport.jsp"/>
			<forward name="changeSalesTransactionStatus" path="/jsp/changeSalesTransactionStatus.jsp"/>
			<!-- Added by selvam for CA# 294102 starts -->
			<forward name="createreleaseBags" path="/jsp/releaseBags.jsp"/>
			<forward name="assignSeaBin" path="/jsp/assignSeaBin.jsp"/>
			<!-- Added by selvam for CA# 294102 ends -->
		</action>
		

		<action path="/visitPaxAction" type="com.dfs.paxtrax.commtracking.action.VisitPAXAction" parameter="subaction" name="visitPaxForm">
			<forward name="createVisitPax" path="/jsp/createVisitPax.jsp"/>
			<forward name="createVisitPaxConfirmation" path="/jsp/createVisitPaxConfirmation.jsp"/>
			<forward name="createVisitPage" path="/jsp/commtraxCreateVisit.jsp"/>
			<forward name="maintainVisitDetailPage" path="/jsp/commtraxMaintainVisitDetail.jsp"/>
			<forward name="maintainVisitDetail" path="/visitAction.do?subaction=showMaintainVisitCode"/>
		</action>
			
		<action path="/groupAction" type="com.dfs.paxtrax.commtracking.action.GroupAction" parameter="subaction" name="groupForm">
			<forward name="searchGroup" path="/jsp/searchGroup.jsp"/>
			<forward name="addGroup" path="/jsp/addGroup.jsp"/>
			<forward name="addGroupConfirmation" path="/jsp/addGroupConfirmation.jsp"/>
			<forward name="maintainVisitDetail" path="/groupAction.do?subaction=searchGroup"/>
			<forward name="maintainGroup" path="/jsp/maintainGroup.jsp"/>
		</action>
	   	
    		<action path="/commtraxPaxSearch" type="com.dfs.paxtrax.commtracking.action.CommtraxPAXSearch" name="paxSearchForm" parameter="subaction">
		    	<forward name="commtraxPAXSearchPage" path="/jsp/commtraxSearchPAX.jsp" />    		
				<forward name="maintainVisitDetail" path="/visitAction.do?subaction=showMaintainVisitCode"/>
		</action>				


		<!-- Action added by RJK for CommTrax-->
		<action path="/commAction" type="com.dfs.paxtrax.commtracking.action.CommAction" name="commForm" parameter="subaction">
			<forward name="createTravelAgent" path="/jsp/CommTraxCreateTA.jsp"/>
			<forward name="confirmTravelAgent" path="/jsp/CommtraxCreateTAConfirm.jsp"/>
			<forward name="modifyTravelAgent" path="/jsp/CommtraxMaintainTA.jsp"/>
			<forward name="confirmModifyAgent" path="/jsp/CommtraxMaintainTAConfirm.jsp"/>
			<forward name="deleteTravelAgent" path="jsp/CommtraxDeleteTAConfirm.jsp"/>
		</action>

		<action path="/branchAction" type="com.dfs.paxtrax.commtracking.action.BranchAction" name="branchForm" parameter="subaction">
			<forward name="createBranch" path="/jsp/CommtraxCreateTABranch.jsp"/>					
			<forward name="confirmBranch" path="/jsp/CommtraxCreateConfirmTABranch.jsp"/>
			<forward name="modifyBranch" path="/jsp/CommtraxMaintainTABranch.jsp"/>
			<forward name="confirmModifyBranch" path="/jsp/CommtraxMaintainConfirmTABranch.jsp"/>
			<forward name="deleteBranch" path="/jsp/CommtraxDeleteBranch.jsp"/>
		</action>
		
		<action path="/searchTAAction" type="com.dfs.paxtrax.commtracking.action.SearchTAAction" name="searchTAForm" parameter="subaction">
		    <forward name="searchTravelAgent" path="/jsp/CommTraxSearchResultTA.jsp"/>
		</action>	
        
		<action path="/searchBranchAction" type="com.dfs.paxtrax.commtracking.action.SearchBranchAction" name="searchBranchForm" parameter="subaction">
		    <forward name="searchBranch" path="/jsp/CommTraxSearchResultTABranch.jsp"/>
		</action>        

		<!-- Action addition by RJK for CommTrax ends here -->
       <!-- Added for create visit form -->
        <action path="/visitAction" type="com.dfs.paxtrax.commtracking.action.VisitAction" name="visitForm" parameter="subaction">
            <forward name="createVisit" path="/jsp/createVisit.jsp"/>            
            <forward name="maintainVisitDetail" path="/jsp/maintainVisitDetail.jsp"/>
            <forward name="maintainVisitConfirmPage" path="/jsp/maintainVisitConfirmPage.jsp"/>
            <forward name="maintainVisit" path="/jsp/maintainVisit.jsp"/>
            <forward name="searchMaintainVisit" path="/jsp/maintainVisit.jsp"/>
			<forward name="deleteVisitPage" path="/jsp/maintainVisitDeletePage.jsp"/>
            <forward name="startVisit" path="/jsp/commtraxStartVisit.jsp"/>
            <forward name="startVisitDetails" path="/jsp/startVisitDetails.jsp"/>
            <forward name="startVisitConfirm" path="/jsp/startVisitConfirm.jsp"/>
			<forward name="createVisitPax" path="/visitPaxAction.do?subaction=createVisitPaxPage"/>
			<forward name="commtraxSearchPAX" path="commtraxPaxSearch.do?subaction=searchPAXPage"/>
			<forward name="searchGroup" path="/groupAction.do?subaction=searchGroup"/>
			<forward name="searchMaintainVisitExcel" path="/visitAction.do?subaction=searchMaintainPage"/>
        </action>
        
	   <!-- Ended for create visit form -->	
       <!-- Added for TA Commission Page -->
        <action path="/maintainTaCommAction" type="com.dfs.paxtrax.commtracking.action.MaintainTaCommAction" name="visitForm" parameter="subaction">
            <forward name="maintainTaCommissionPage" path="/jsp/maintainTaCommissionPage.jsp"/>         
            <forward name="searchMaintainTaCommission" path="/jsp/maintainTaCommissionPage.jsp"/>
            <forward name="insertTaCommission" path="/jsp/insertTaCommission.jsp"/>
            <forward name="confirmMaintainTaCommission" path="/jsp/confirmMaintainTaCommission.jsp"/>
            <forward name="maintainVisit" path="/jsp/maintainVisit.jsp"/>
        </action>
	   <!-- Ended for TA Commission Page -->

		<!-- Added for TA Segment Page -->
	<action name="commForm" path="/segment" type="com.dfs.paxtrax.commtracking.action.CommAction" parameter="subaction">
		<forward name="createSegment" path="/jsp/commTraxCreateSegment.jsp"/>
		<forward name="createSegmentConfirm" path="/jsp/commTraxCreateSegmentConfirm.jsp"/>
		<forward name="maintainSegment" path="/jsp/commTraxSearchSegmentCode.jsp"/>
		<forward name="modifySegment" path="/jsp/commTraxModifySegment.jsp"/>
       	</action>
		<!-- Ended for TA Segment Page -->
		
	
	<!-- Added for RAC PreAssignment Page -->

	<action name="racPreAssignmentForm" path="/racPreAssignment" type="com.dfs.paxtrax.admin.action.RacPreAssignmentAction" parameter="subaction">
		<forward name="createRacPreAssignment" path="/jsp/createRacPreAssignment.jsp"/>
		<forward name="createRacPreAssignmentConfirm" path="/jsp/createRacPreAssignmentConfirm.jsp"/>
		<forward name="searchRacPreAssignment" path="/jsp/searchRacPreAssignment.jsp"/>
		<forward name="modifyRacPreAssignment" path="/jsp/modifyRacPreAssignment.jsp"/>
	</action>
	
	<!-- Ended for RAC PreAssignment Page -->
	<!-- Added on June 06, 2007 for CR 251-260 changes -->
	
	<action name="bagByBagStatusForm" path="/bagByBagStatusAction" type="com.dfs.paxtrax.bagtracking.action.BagByBagStatusAction" parameter="subaction">
		<forward name= "bagByBagStatusReport" path="/jsp/bagByBagStatus.jsp"/>
		<forward name="printBagByBagStatus" path="jsp/printBagByBagStatus.jsp"/>
	</action>
	
	<action path="/bagStatusByLocation" name="bagStatusByLocationForm" type="com.dfs.paxtrax.bagtracking.action.BagStatusByLocationAction" parameter="subaction">
		<forward name="bagStatusByLocationReport" path="/jsp/bagStatusByLocation.jsp"/>
		<forward name="printBagStatusLocationReport" path="/jsp/printBagStatusByLocation.jsp"/>
	</action>
	
	<!-- End of CR 251-260 changes -->
	
	<action path="/salesReportExtnAction" type="com.dfs.paxtrax.sales.action.SalesReportExtnAction" parameter="subaction" name="salesReportExtnForm">
		<forward name="salesDFSOwnedDepartmentReport" path="/jsp/dfsOwnedSalesReport.jsp"/>
		<forward name="printSalesDFSOwnedReport" path="/jsp/printSalesDFSOwnedReport.jsp"/>
	</action>
	
	<!--Added for CR-251 on 6-Jun-2007 For DailyNACCSGeneration Report starts. -->
		<action path="/dailyNACCSGenerationAction" type="com.dfs.paxtrax.customs.action.DailyNACCSGenerationAction" name="dailyNACCSGenerationForm" parameter="subaction">
			<forward name="dailyNACCSGenerationPage" path="/jsp/dailyNACCSGeneration.jsp" />
		</action>
		<!--Added for CR-251 on 6-Jun-2007 For DailyNACCSGeneration Report ends -->
		
	<!-- Added on 30Jul07 for CR 261 TracingRefundedBags starts -->
	
	<action path="/tracingRefundedBagsAction" name="tracingRefundedBagForm" type="com.dfs.paxtrax.bagtracking.action.TracingRefundedBagAction" parameter="subaction">
		<forward name="tracingRefundedBag" path="/jsp/tracingRefundedBag.jsp" />
	</action>
	
	<!-- Added on 30Jul07 for CR 261 TracingRefundedBags ends -->		
	
		
    </action-mappings>
    
    <!-- ============================================= Controller Definition  -->
    <controller inputForward="true"/>
    <!-- ===================================== Message Resources Definitions  -->
    <message-resources parameter="com.dfs.paxtrax.common.resources.PaxTraxResources"/>
</struts-config>
