<?xml version="1.0" encoding="UTF-8"?>
<FlightMaintenance Version="1.0" xmlns="Flight" xmlns:xsi="Flight" xsi:schemaLocation="Flight">
<Header>
<OrganizationID>DFS</OrganizationID>
<ApplyToStores>
<RetailStoreID>610</RetailStoreID>
</ApplyToStores>
<ForwardToHostedSites>true</ForwardToHostedSites>
<Timestamp>2019-09-20T08:31:55.966</Timestamp>
<Originator>PaxTrax</Originator>
<AckType>Always</AckType>
</Header>
<Body>
<ItemGroup>
<Item action="AddUpdate">
<ItemID IdType="FLIGHT">NH308</ItemID>
<ItemType>Flight</ItemType>
<Flighttype>D</Flighttype>
<FlightCutOffTime>0200</FlightCutOffTime>
<FlightWarningFlag>FALSE</FlightWarningFlag>
<AirlineCode>NH</AirlineCode>
<FlightNumber>308</FlightNumber>
<Departure>
<SundayDepartsFlag/>
<SundayDepartsTime/>
<MondayDepartsFlag/>
<MondayDepartsTime/>
<TuesdayDepartsFlag/>
<TuesdayDepartsTime/>
<WednesdayDepartsFlag/>
<WednesdayDepartsTime/>
<ThursdayDepartsFlag/>
<ThursdayDepartsTime/>
<FridayDepartsFlag>TRUE</FridayDepartsFlag>
<FridayDepartsTime>1618</FridayDepartsTime>
<SaturdayDepartsFlag/>
<SaturdayDepartsTime/>
</Departure>
<Warehouse>
<SameDayDepartWareHouse>1</SameDayDepartWareHouse>
<FutureDepartWareHouse>1</FutureDepartWareHouse>
</Warehouse>
<DeliveryPoint>
<BellyloadDeliveryPoint/>
<BellyloadDeliveryPointDesc/>
<GateDeliveryPoint/>
<GateDeliveryPointDesc/>
<BellyloadAllowedFlag>FALSE</BellyloadAllowedFlag>
<GateTerminalID/>
<GateCutoffTime/>
</DeliveryPoint>
</Item>
<Item action="AddUpdate">
<ItemID IdType="FLIGHT">NH994</ItemID>
<ItemType>Flight</ItemType>
<Flighttype>D</Flighttype>
<FlightCutOffTime>0200</FlightCutOffTime>
<FlightWarningFlag>FALSE</FlightWarningFlag>
<AirlineCode>NH</AirlineCode>
<FlightNumber>994</FlightNumber>
<Departure>
<SundayDepartsFlag/>
<SundayDepartsTime/>
<MondayDepartsFlag/>
<MondayDepartsTime/>
<TuesdayDepartsFlag/>
<TuesdayDepartsTime/>
<WednesdayDepartsFlag/>
<WednesdayDepartsTime/>
<ThursdayDepartsFlag/>
<ThursdayDepartsTime/>
<FridayDepartsFlag>TRUE</FridayDepartsFlag>
<FridayDepartsTime>1657</FridayDepartsTime>
<SaturdayDepartsFlag/>
<SaturdayDepartsTime/>
</Departure>
<Warehouse>
<SameDayDepartWareHouse>1</SameDayDepartWareHouse>
<FutureDepartWareHouse>1</FutureDepartWareHouse>
</Warehouse>
<DeliveryPoint>
<BellyloadDeliveryPoint/>
<BellyloadDeliveryPointDesc/>
<GateDeliveryPoint/>
<GateDeliveryPointDesc/>
<BellyloadAllowedFlag>FALSE</BellyloadAllowedFlag>
<GateTerminalID/>
<GateCutoffTime/>
</DeliveryPoint>
</Item>
<Item action="AddUpdate">
<ItemID IdType="FLIGHT">GK302</ItemID>
<ItemType>Flight</ItemType>
<Flighttype>D</Flighttype>
<FlightCutOffTime>0200</FlightCutOffTime>
<FlightWarningFlag>FALSE</FlightWarningFlag>
<AirlineCode>GK</AirlineCode>
<FlightNumber>302</FlightNumber>
<Departure>
<SundayDepartsFlag/>
<SundayDepartsTime/>
<MondayDepartsFlag/>
<MondayDepartsTime/>
<TuesdayDepartsFlag/>
<TuesdayDepartsTime/>
<WednesdayDepartsFlag/>
<WednesdayDepartsTime/>
<ThursdayDepartsFlag/>
<ThursdayDepartsTime/>
<FridayDepartsFlag>TRUE</FridayDepartsFlag>
<FridayDepartsTime>1250</FridayDepartsTime>
<SaturdayDepartsFlag/>
<SaturdayDepartsTime/>
</Departure>
<Warehouse>
<SameDayDepartWareHouse>2</SameDayDepartWareHouse>
<FutureDepartWareHouse>2</FutureDepartWareHouse>
</Warehouse>
<DeliveryPoint>
<BellyloadDeliveryPoint/>
<BellyloadDeliveryPointDesc/>
<GateDeliveryPoint/>
<GateDeliveryPointDesc/>
<BellyloadAllowedFlag>FALSE</BellyloadAllowedFlag>
<GateTerminalID/>
<GateCutoffTime/>
</DeliveryPoint>
</Item>
<Item action="AddUpdate">
<ItemID IdType="FLIGHT">NH306</ItemID>
<ItemType>Flight</ItemType>
<Flighttype>D</Flighttype>
<FlightCutOffTime>0200</FlightCutOffTime>
<FlightWarningFlag>FALSE</FlightWarningFlag>
<AirlineCode>NH</AirlineCode>
<FlightNumber>306</FlightNumber>
<Departure>
<SundayDepartsFlag/>
<SundayDepartsTime/>
<MondayDepartsFlag/>
<MondayDepartsTime/>
<TuesdayDepartsFlag/>
<TuesdayDepartsTime/>
<WednesdayDepartsFlag/>
<WednesdayDepartsTime/>
<ThursdayDepartsFlag/>
<ThursdayDepartsTime/>
<FridayDepartsFlag>TRUE</FridayDepartsFlag>
<FridayDepartsTime>1553</FridayDepartsTime>
<SaturdayDepartsFlag/>
<SaturdayDepartsTime/>
</Departure>
<Warehouse>
<SameDayDepartWareHouse>1</SameDayDepartWareHouse>
<FutureDepartWareHouse>1</FutureDepartWareHouse>
</Warehouse>
<DeliveryPoint>
<BellyloadDeliveryPoint/>
<BellyloadDeliveryPointDesc/>
<GateDeliveryPoint/>
<GateDeliveryPointDesc/>
<BellyloadAllowedFlag>FALSE</BellyloadAllowedFlag>
<GateTerminalID/>
<GateCutoffTime/>
</DeliveryPoint>
</Item>
</ItemGroup>
</Body>
</FlightMaintenance>
